[
  {
    "name": "html",
    "items": [
      {
        "name": "headings",
        "active": false,
        "content": "Die Überschriftenelemente bestehen aus sechs verschiedenen Leveln. <h1> ist die Überschrift mit der höchsten Gewichtung und <h6> mit der kleinsten. Ein Überschriften-Element beschreibt das Thema des Bereiches, welcher der Überschrift folgt. Überschriften können auch verwendet werden, um ein Inhaltsverzeichnis für ein Dokument automatisch zu erstellen.",
        "references": [
          "https://developer.mozilla.org/de/docs/Web/HTML/Element/h1-h6"
        ]
      },
      {
        "name": "paragraph",
        "active": false,
        "content": "Das <p>-Element erzeugt einen Absatz, den zusammenhängenden Abschnitt eines längeren Textes. In HTML kann <p> jedoch für jedwede Art von zu gruppierendem, zusammenhängendem Inhalt genutzt werden, zum Beispiel Bilder oder Formularfelder.",
        "references": [
          "https://developer.mozilla.org/de/docs/Web/HTML/Element/p"
        ]
      }
    ]
  },
  {
    "name": "css",
    "items": [
      {
        "name": "selectors",
        "active": false,
        "content": "Selektoren definieren, auf welche Elemente eine Reihe von CSS Regeln angewendet wird.",
        "references": [
          "https://developer.mozilla.org/de/docs/Web/CSS/CSS_Selectors"
        ]
      },
      {
        "name": "colors",
        "active": false,
        "content": "Der CSS Datentyp Color beschreibt eine Farbe im sRGB Farbraum. Eine Farbe kann auf eine von drei Arten beschrieben werden: Schlüsselworte, rgb und rgba, hsl und hsla. ...",
        "references": [
          "https://developer.mozilla.org/de/docs/Web/CSS/Farben"
        ]
      }
    ]
  },
  {
    "name": "javascript",
    "items": [
      {
        "name": "function",
        "active": false,
        "content": "Funktionen sind ein Grundbaustein in JavaScript. Eine Funktion ist eine Prozedur - eine Reihe von Anweisungen, um eine Aufgabe auszuführen oder eine Wert auszurechnen. Um Funktionen zu verwenden, müssen diese im Scope (Gültigkeitsbereich) deklariert werden, in dem sie ausgeführt werden soll.",
        "references": [
          "https://developer.mozilla.org/de/docs/Web/JavaScript/Guide/Funktionen"
        ]
      },
      {
        "name": "object",
        "active": false,
        "content": "Ein Objekt ist eine Sammlung von zusammenhängenden Daten und/oder Funktionalitäten. Diese bestehen üblicherweise aus verschiedenen Variablen und Funktionen, die Eigenschaften und Methoden genannt werden, wenn sie sich innerhalb von Objekten befinden.",
        "references": [
          "https://developer.mozilla.org/de/docs/Learn/JavaScript/Objects/Basics"
        ]
      }
    ]
  }
]


